idCustomer,FirstNameCustomer,SurnameCustomer,addressCustomer,locationCustomer,phoneCustomer,emailCustomer,methodPayment
1,Jehu,Stienton,5475,Germany,197-972-5948,jstienton0@hp.com,jcb
2,Ekaterina,Hartley,851,Netherlands,578-987-2649,ehartley1@ftc.gov,bankcard
3,Jackson,Cant,3473,Germany,513-391-8502,jcant2@mayoclinic.com,switch
4,Janine,Gregori,3012,Netherlands,577-841-8581,jgregori3@statcounter.com,china-unionpay
5,Woodman,Packington,0840,Germany,409-302-3481,wpackington4@sina.com.cn,bankcard
6,Drucill,Kohring,85,Netherlands,819-591-3866,dkohring5@elpais.com,instapayment
7,Thibaut,Keatley,0829,Germany,991-553-4204,tkeatley6@ihg.com,switch
8,Othelia,Lum,417,Netherlands,446-869-6236,olum7@house.gov,jcb
9,Anson,MacKenney,35,Germany,570-464-3808,amackenney8@va.gov,maestro
10,Selig,Holby,03271,Germany,859-149-1364,sholby9@mashable.com,visa-electron
11,Luis,Husset,01802,Luxemburg,653-355-6998,lhusseta@paypal.com,jcb
12,Micky,Critch,7502,Germany,373-386-1114,mcritchb@so-net.ne.jp,diners-club-enroute
13,Kristin,Kalinke,4090,Netherlands,518-602-7211,kkalinkec@hexun.com,jcb
14,Krisha,Provost,343,Germany,712-195-0731,kprovostd@hubpages.com,instapayment
15,Renata,Gonzalo,14,Netherlands,184-312-0911,rgonzaloe@amazon.co.uk,china-unionpay
16,Blondie,Pischel,9709,Netherlands,403-134-4397,bpischelf@japanpost.jp,switch
17,Codi,Chown,3012,Germany,453-185-6208,cchowng@nationalgeographic.com,jcb
18,Nicky,Week,0245,Germany,984-882-8368,nweekh@vk.com,diners-club-carte-blanche
19,Cari,McSwan,8549,Netherlands,772-600-0112,cmcswani@apple.com,jcb
20,Orbadiah,Millson,13160,Germany,505-112-3591,omillsonj@quantcast.com,jcb
21,Jobey,Witty,62367,Netherlands,300-450-3963,jwittyk@mac.com,jcb
22,Fania,Tailby,75,Netherlands,745-765-6740,ftailbyl@rediff.com,diners-club-carte-blanche
23,Amandi,McCorrie,1095,Netherlands,254-304-0447,amccorriem@facebook.com,jcb
24,Venus,Wyley,730,Luxemburg,935-438-5771,vwyleyn@arizona.edu,jcb
25,Bar,Belk,878,Germany,733-422-3360,bbelko@springer.com,jcb
26,Shaw,Melesk,62,Germany,420-587-4510,smeleskp@tiny.cc,jcb
27,Codee,Tuminini,4321,Luxemburg,742-660-9813,ctumininiq@hatena.ne.jp,visa-electron
28,Ellswerth,Redsell,352,Germany,249-433-9787,eredsellr@live.com,jcb
29,Guinna,Broadley,10,Netherlands,917-859-1639,gbroadleys@surveymonkey.com,jcb
30,Gwendolin,Mandry,5728,Netherlands,188-328-1475,gmandryt@xing.com,jcb
31,Daffie,Crowcombe,3078,Netherlands,752-744-2230,dcrowcombeu@gov.uk,visa-electron
32,Lenore,Tickner,9630,Netherlands,867-438-5366,lticknerv@i2i.jp,jcb
33,Munroe,Truluck,03,Germany,992-852-0073,mtruluckw@surveymonkey.com,mastercard
34,Elset,Karlqvist,76,Netherlands,122-809-9031,ekarlqvistx@sourceforge.net,switch
35,Howie,Gabotti,6301,Germany,415-114-8624,hgabottiy@yandex.ru,visa
36,Cobby,Denniston,25,Luxemburg,124-453-6741,cdennistonz@ed.gov,jcb
37,Clementius,Noice,82435,Germany,869-566-9174,cnoice10@nsw.gov.au,americanexpress
38,Jarid,Grimoldby,69659,Germany,419-620-0688,jgrimoldby11@salon.com,maestro
39,Berny,Brede,19,Germany,506-477-5348,bbrede12@acquirethisname.com,bankcard
40,Lauraine,Dinnington,64945,Netherlands,871-153-6190,ldinnington13@geocities.com,bankcard
41,Felizio,Gomby,52,Germany,366-143-3035,fgomby14@timesonline.co.uk,instapayment
42,Starla,Giacoboni,34,Netherlands,934-459-9356,sgiacoboni15@cnn.com,jcb
43,Katee,Havik,4870,Netherlands,115-713-9510,khavik16@ucsd.edu,china-unionpay
44,Hodge,Besset,1001,Luxemburg,643-193-2382,hbesset17@google.com.br,jcb
45,Lynea,Kilgallen,538,Netherlands,989-161-4924,lkilgallen18@ebay.com,jcb
46,Delores,Hickisson,18,Netherlands,188-252-0932,dhickisson19@skyrock.com,jcb
47,My,Egginton,45732,Germany,178-486-2722,megginton1a@bloglines.com,switch
48,Hamlin,Devereux,89128,Germany,320-495-7371,hdevereux1b@nsw.gov.au,diners-club-carte-blanche
49,Joanne,Yallowley,181,Netherlands,953-406-0774,jyallowley1c@paginegialle.it,jcb
50,Lexy,Conre,919,Netherlands,801-891-6859,lconre1d@ning.com,china-unionpay
51,Addie,Python,09,Luxemburg,602-190-7008,apython1e@lulu.com,laser
52,Bobinette,Adnett,7842,Netherlands,285-507-1594,badnett1f@bloomberg.com,diners-club-us-ca
53,Papagena,Fussen,037,Netherlands,471-580-4345,pfussen1g@themeforest.net,switch
54,Culver,Morgen,8413,Germany,607-998-4798,cmorgen1h@ustream.tv,solo
55,Giordano,Hazard,4321,Germany,244-358-7564,ghazard1i@vkontakte.ru,jcb
56,Rochette,Janicijevic,50616,Netherlands,350-707-1433,rjanicijevic1j@1und1.de,maestro
57,Kristine,Sivyour,03277,Netherlands,993-976-3203,ksivyour1k@etsy.com,jcb
58,Betti,Bugge,4321,Netherlands,267-359-1639,bbugge1l@geocities.com,jcb
59,Miller,Meade,31988,Germany,985-101-8264,mmeade1m@devhub.com,jcb
60,Erich,Whitaker,2704,Germany,864-881-5407,ewhitaker1n@deviantart.com,jcb
61,Dalia,Yves,7502,Luxemburg,566-422-3005,dyves1o@who.int,americanexpress
62,Rebbecca,Brilon,9188,Netherlands,721-153-4258,rbrilon1p@hhs.gov,switch
63,Sidney,Reolfo,32,Germany,297-994-3873,sreolfo1q@yolasite.com,maestro
64,Bethany,Goosey,83258,Netherlands,227-230-7062,bgoosey1r@slashdot.org,jcb
65,Aldrich,Clowney,6652,Germany,142-536-3636,aclowney1s@ask.com,jcb
66,Mallory,Sayers,461,Germany,532-905-0951,msayers1t@pinterest.com,diners-club-carte-blanche
67,Greggory,Throssell,3012,Germany,754-490-4404,gthrossell1u@narod.ru,jcb
68,Lanie,McNiven,52264,Germany,544-754-2271,lmcniven1v@theguardian.com,jcb
69,Stanly,Heine,07,Germany,977-991-7412,sheine1w@who.int,jcb
70,Renaud,Danilyuk,18423,Germany,312-734-2370,rdanilyuk1x@google.it,mastercard
71,Josias,Dominiak,33721,Germany,949-163-7433,jdominiak1y@reuters.com,diners-club-international
72,Dania,Revett,07999,Netherlands,882-576-3112,drevett1z@google.com.hk,americanexpress
73,Marian,Dufton,6301,Netherlands,613-128-3847,mdufton20@free.fr,mastercard
74,Carmella,Allery,870,Netherlands,242-250-1378,callery21@goo.gl,jcb
75,Godart,Chomley,8873,Germany,734-405-9377,gchomley22@ted.com,visa-electron
76,Cindra,Chsteney,357,Netherlands,111-789-7428,cchsteney23@alexa.com,jcb
77,Daloris,Easton,1011,Netherlands,613-988-8799,deaston24@dedecms.com,diners-club-enroute
78,Donnell,Throssell,25104,Germany,807-556-4926,dthrossell25@scribd.com,diners-club-enroute
79,Lin,Dougharty,7916,Netherlands,543-392-6629,ldougharty26@spotify.com,jcb
80,Webb,Koene,2212,Germany,621-534-4787,wkoene27@google.es,china-unionpay
81,Aldrich,Gilbart,4321,Germany,460-619-0722,agilbart28@cloudflare.com,jcb
82,Wit,Sandiland,6827,Germany,320-178-3702,wsandiland29@goo.ne.jp,bankcard
83,Mab,Pickerell,2212,Netherlands,588-273-1258,mpickerell2a@marriott.com,diners-club-carte-blanche
84,Dorey,McCandless,51,Netherlands,842-992-3511,dmccandless2b@eventbrite.com,switch
85,Hendrika,Gipps,5937,Netherlands,740-882-9098,hgipps2c@surveymonkey.com,switch
86,Bili,Hazley,3012,Netherlands,494-520-1373,bhazley2d@telegraph.co.uk,jcb
87,Myrta,Borwick,3012,Netherlands,128-118-3586,mborwick2e@jimdo.com,bankcard
88,Sabine,Gotts,592,Netherlands,315-309-4156,sgotts2f@sciencedaily.com,jcb
89,Carlota,Camis,635,Netherlands,164-831-7827,ccamis2g@answers.com,diners-club-carte-blanche
90,Ram,Cronkshaw,4321,Germany,597-952-8473,rcronkshaw2h@istockphoto.com,maestro
91,Danette,Gurling,7502,Netherlands,613-136-8029,dgurling2i@fema.gov,maestro
92,Onfroi,Galier,1078,Germany,818-961-5581,ogalier2j@exblog.jp,jcb
93,Darline,Laver,98510,Netherlands,500-403-3938,dlaver2k@fema.gov,solo
94,Stefano,Ing,26,Germany,851-511-5081,sing2l@mozilla.com,bankcard
95,Barn,Perroni,84,Germany,684-117-1834,bperroni2m@apple.com,mastercard
96,Heather,Shillito,42,Netherlands,611-475-6812,hshillito2n@flavors.me,jcb
97,Barbra,Escalante,7559,Netherlands,332-144-2556,bescalante2o@newyorker.com,americanexpress
98,Bertram,Englishby,92068,Germany,225-781-5041,benglishby2p@google.ca,jcb
99,Meghan,Ary,7502,Netherlands,807-274-8999,mary2q@smugmug.com,laser
100,Ruthy,Cowdroy,23,Netherlands,513-900-8242,rcowdroy2r@globo.com,mastercard
